
CREATE TABLE customers (
    customer_id VARCHAR(10) PRIMARY KEY,
    region VARCHAR(20),
    signup_date DATE,
    segment VARCHAR(20)
);

CREATE TABLE products (
    product_id VARCHAR(10) PRIMARY KEY,
    category VARCHAR(50),
    subcategory VARCHAR(50)
);

CREATE TABLE orders (
    order_id INT PRIMARY KEY,
    order_date DATE,
    customer_id VARCHAR(10),
    product_id VARCHAR(10),
    quantity INT,
    unit_price DECIMAL(10,2),
    discount_pct DECIMAL(4,2),
    channel VARCHAR(20),
    returned_flag BIT,
    FOREIGN KEY (customer_id) REFERENCES customers(customer_id),
    FOREIGN KEY (product_id) REFERENCES products(product_id)
);

INSERT INTO customers VALUES ('C001', 'North', '2024-01-13', 'Returning');
INSERT INTO customers VALUES ('C002', 'South', '2024-04-24', 'New');
INSERT INTO customers VALUES ('C003', 'North', '2024-12-12', 'New');
INSERT INTO customers VALUES ('C004', 'West', '2024-01-17', 'New');
INSERT INTO customers VALUES ('C005', 'North', '2024-04-21', 'New');
INSERT INTO customers VALUES ('C006', 'North', '2024-10-14', 'New');
INSERT INTO customers VALUES ('C007', 'West', '2024-04-22', 'Returning');
INSERT INTO customers VALUES ('C008', 'East', '2024-01-04', 'New');
INSERT INTO customers VALUES ('C009', 'West', '2024-06-23', 'Returning');
INSERT INTO customers VALUES ('C010', 'South', '2024-04-20', 'Returning');
INSERT INTO customers VALUES ('C011', 'North', '2024-02-17', 'Returning');
INSERT INTO customers VALUES ('C012', 'North', '2024-07-02', 'Returning');
INSERT INTO customers VALUES ('C013', 'East', '2024-01-23', 'Returning');
INSERT INTO customers VALUES ('C014', 'North', '2024-07-12', 'New');
INSERT INTO customers VALUES ('C015', 'East', '2024-11-17', 'Returning');
INSERT INTO customers VALUES ('C016', 'South', '2024-12-26', 'New');
INSERT INTO customers VALUES ('C017', 'North', '2024-12-04', 'New');
INSERT INTO customers VALUES ('C018', 'East', '2024-02-10', 'New');
INSERT INTO customers VALUES ('C019', 'North', '2024-07-13', 'Returning');
INSERT INTO customers VALUES ('C020', 'West', '2024-11-21', 'Returning');
INSERT INTO customers VALUES ('C021', 'South', '2024-07-08', 'Returning');
INSERT INTO customers VALUES ('C022', 'South', '2024-12-09', 'Returning');
INSERT INTO customers VALUES ('C023', 'North', '2024-11-07', 'New');
INSERT INTO customers VALUES ('C024', 'South', '2024-03-24', 'Returning');
INSERT INTO customers VALUES ('C025', 'West', '2024-05-18', 'New');
INSERT INTO customers VALUES ('C026', 'East', '2024-01-29', 'New');
INSERT INTO customers VALUES ('C027', 'North', '2024-06-10', 'Returning');
INSERT INTO customers VALUES ('C028', 'East', '2024-02-03', 'New');
INSERT INTO customers VALUES ('C029', 'East', '2024-04-18', 'Returning');
INSERT INTO customers VALUES ('C030', 'West', '2024-11-25', 'Returning');
INSERT INTO customers VALUES ('C031', 'South', '2024-05-15', 'New');
INSERT INTO customers VALUES ('C032', 'South', '2024-10-14', 'Returning');
INSERT INTO customers VALUES ('C033', 'West', '2024-10-25', 'Returning');
INSERT INTO customers VALUES ('C034', 'East', '2024-04-22', 'New');
INSERT INTO customers VALUES ('C035', 'West', '2024-02-16', 'New');
INSERT INTO customers VALUES ('C036', 'North', '2024-03-19', 'New');
INSERT INTO customers VALUES ('C037', 'West', '2024-11-01', 'New');
INSERT INTO customers VALUES ('C038', 'West', '2024-07-14', 'Returning');
INSERT INTO customers VALUES ('C039', 'East', '2024-10-10', 'New');
INSERT INTO customers VALUES ('C040', 'North', '2024-12-15', 'Returning');
INSERT INTO customers VALUES ('C041', 'East', '2024-02-27', 'Returning');
INSERT INTO customers VALUES ('C042', 'West', '2024-03-21', 'Returning');
INSERT INTO customers VALUES ('C043', 'North', '2024-05-14', 'New');
INSERT INTO customers VALUES ('C044', 'North', '2024-11-16', 'Returning');
INSERT INTO customers VALUES ('C045', 'South', '2024-03-19', 'Returning');
INSERT INTO customers VALUES ('C046', 'South', '2024-10-03', 'New');
INSERT INTO customers VALUES ('C047', 'East', '2024-09-07', 'New');
INSERT INTO customers VALUES ('C048', 'North', '2024-07-04', 'Returning');
INSERT INTO customers VALUES ('C049', 'South', '2024-01-30', 'New');
INSERT INTO customers VALUES ('C050', 'North', '2024-02-13', 'Returning');
INSERT INTO products VALUES ('P100', 'Phone Accessories', 'Chargers');
INSERT INTO products VALUES ('P101', 'Phone Accessories', 'Cables');
INSERT INTO products VALUES ('P102', 'Phone Accessories', 'Cases');
INSERT INTO products VALUES ('P103', 'Computer Peripherals', 'Keyboards');
INSERT INTO products VALUES ('P104', 'Computer Peripherals', 'Mice');
INSERT INTO products VALUES ('P105', 'Computer Peripherals', 'Headsets');
INSERT INTO products VALUES ('P106', 'Gaming Gear', 'Controllers');
INSERT INTO products VALUES ('P107', 'Gaming Gear', 'Gaming Chairs');
INSERT INTO products VALUES ('P108', 'Gaming Gear', 'VR Headsets');
INSERT INTO orders VALUES (1000, '2025-01-18', 'C049', 'P108', 1, 120, 0.1, 'Online', 0);
INSERT INTO orders VALUES (1001, '2025-02-02', 'C043', 'P107', 1, 15, 0.0, 'Online', 0);
INSERT INTO orders VALUES (1002, '2025-03-09', 'C034', 'P106', 2, 45, 0.0, 'Online', 1);
INSERT INTO orders VALUES (1003, '2025-05-19', 'C049', 'P103', 3, 15, 0.0, 'Store', 0);
INSERT INTO orders VALUES (1004, '2025-04-13', 'C043', 'P105', 1, 25, 0.05, 'Store', 0);
INSERT INTO orders VALUES (1005, '2025-05-13', 'C029', 'P101', 2, 15, 0.05, 'Online', 0);
INSERT INTO orders VALUES (1006, '2025-02-27', 'C005', 'P105', 1, 60, 0.0, 'Online', 0);
INSERT INTO orders VALUES (1007, '2025-05-31', 'C036', 'P103', 2, 15, 0.1, 'Online', 0);
INSERT INTO orders VALUES (1008, '2025-01-02', 'C005', 'P100', 1, 120, 0.15, 'Online', 0);
INSERT INTO orders VALUES (1009, '2025-01-18', 'C003', 'P105', 1, 15, 0.05, 'Online', 0);
INSERT INTO orders VALUES (1010, '2025-05-12', 'C016', 'P104', 1, 25, 0.0, 'Store', 1);
INSERT INTO orders VALUES (1011, '2025-02-24', 'C035', 'P102', 1, 45, 0.05, 'Store', 0);
INSERT INTO orders VALUES (1012, '2025-03-04', 'C031', 'P106', 2, 15, 0.15, 'Online', 0);
INSERT INTO orders VALUES (1013, '2025-01-25', 'C007', 'P106', 3, 60, 0.05, 'Store', 0);
INSERT INTO orders VALUES (1014, '2025-04-19', 'C027', 'P107', 1, 15, 0.0, 'Online', 0);
INSERT INTO orders VALUES (1015, '2025-06-22', 'C042', 'P101', 1, 25, 0.15, 'Online', 0);
INSERT INTO orders VALUES (1016, '2025-04-14', 'C047', 'P105', 1, 25, 0.0, 'Online', 0);
INSERT INTO orders VALUES (1017, '2025-03-05', 'C013', 'P103', 1, 200, 0.1, 'Store', 0);
INSERT INTO orders VALUES (1018, '2025-02-05', 'C028', 'P102', 1, 60, 0.1, 'Store', 0);
INSERT INTO orders VALUES (1019, '2025-04-29', 'C016', 'P101', 2, 15, 0.05, 'Store', 0);
INSERT INTO orders VALUES (1020, '2025-05-21', 'C007', 'P100', 3, 45, 0.05, 'Online', 0);
INSERT INTO orders VALUES (1021, '2025-01-24', 'C049', 'P103', 1, 25, 0.1, 'Online', 0);
INSERT INTO orders VALUES (1022, '2025-04-15', 'C032', 'P107', 3, 25, 0.0, 'Online', 0);
INSERT INTO orders VALUES (1023, '2025-04-13', 'C004', 'P102', 2, 45, 0.15, 'Store', 0);
INSERT INTO orders VALUES (1024, '2025-01-01', 'C025', 'P104', 2, 25, 0.0, 'Store', 0);
INSERT INTO orders VALUES (1025, '2025-03-15', 'C028', 'P108', 1, 45, 0.05, 'Store', 0);
INSERT INTO orders VALUES (1026, '2025-02-09', 'C013', 'P104', 3, 15, 0.05, 'Online', 0);
INSERT INTO orders VALUES (1027, '2025-01-15', 'C038', 'P108', 1, 15, 0.0, 'Online', 0);
INSERT INTO orders VALUES (1028, '2025-03-22', 'C004', 'P100', 3, 60, 0.05, 'Store', 0);
INSERT INTO orders VALUES (1029, '2025-05-09', 'C034', 'P102', 3, 15, 0.2, 'Online', 0);
INSERT INTO orders VALUES (1030, '2025-05-11', 'C006', 'P102', 3, 60, 0.05, 'Online', 0);
INSERT INTO orders VALUES (1031, '2025-06-02', 'C005', 'P103', 1, 25, 0.15, 'Store', 0);
INSERT INTO orders VALUES (1032, '2025-01-31', 'C037', 'P103', 1, 25, 0.05, 'Online', 0);
INSERT INTO orders VALUES (1033, '2025-06-08', 'C006', 'P106', 1, 25, 0.2, 'Store', 0);
INSERT INTO orders VALUES (1034, '2025-03-08', 'C014', 'P105', 2, 45, 0.05, 'Online', 1);
INSERT INTO orders VALUES (1035, '2025-03-09', 'C026', 'P102', 4, 25, 0.05, 'Store', 0);
INSERT INTO orders VALUES (1036, '2025-04-28', 'C021', 'P101', 1, 15, 0.1, 'Online', 0);
INSERT INTO orders VALUES (1037, '2025-04-28', 'C040', 'P101', 1, 25, 0.2, 'Online', 0);
INSERT INTO orders VALUES (1038, '2025-05-18', 'C014', 'P108', 1, 25, 0.25, 'Store', 0);
INSERT INTO orders VALUES (1039, '2025-02-03', 'C023', 'P101', 2, 60, 0.0, 'Online', 0);
INSERT INTO orders VALUES (1040, '2025-04-05', 'C019', 'P102', 1, 45, 0.1, 'Store', 0);
INSERT INTO orders VALUES (1041, '2025-05-20', 'C046', 'P104', 1, 60, 0.05, 'Online', 0);
INSERT INTO orders VALUES (1042, '2025-06-20', 'C036', 'P104', 1, 45, 0.1, 'Online', 0);
INSERT INTO orders VALUES (1043, '2025-02-04', 'C017', 'P101', 2, 15, 0.05, 'Online', 0);
INSERT INTO orders VALUES (1044, '2025-05-22', 'C010', 'P104', 2, 25, 0.2, 'Store', 0);
INSERT INTO orders VALUES (1045, '2025-06-04', 'C014', 'P105', 1, 15, 0.2, 'Online', 0);
INSERT INTO orders VALUES (1046, '2025-06-25', 'C041', 'P104', 1, 45, 0.15, 'Store', 0);
INSERT INTO orders VALUES (1047, '2025-03-06', 'C004', 'P101', 2, 15, 0.0, 'Store', 0);
INSERT INTO orders VALUES (1048, '2025-03-12', 'C003', 'P100', 3, 45, 0.05, 'Store', 0);
INSERT INTO orders VALUES (1049, '2025-02-03', 'C041', 'P104', 2, 60, 0.1, 'Online', 0);
INSERT INTO orders VALUES (1050, '2025-04-24', 'C036', 'P106', 2, 15, 0.0, 'Online', 0);
INSERT INTO orders VALUES (1051, '2025-01-29', 'C005', 'P102', 2, 15, 0.0, 'Online', 0);
INSERT INTO orders VALUES (1052, '2025-04-05', 'C038', 'P108', 1, 15, 0.1, 'Online', 0);
INSERT INTO orders VALUES (1053, '2025-04-21', 'C009', 'P100', 2, 15, 0.15, 'Store', 0);
INSERT INTO orders VALUES (1054, '2025-04-04', 'C003', 'P105', 1, 45, 0.1, 'Online', 0);
INSERT INTO orders VALUES (1055, '2025-06-24', 'C016', 'P101', 2, 45, 0.0, 'Store', 0);
INSERT INTO orders VALUES (1056, '2025-05-24', 'C027', 'P102', 1, 15, 0.25, 'Online', 0);
INSERT INTO orders VALUES (1057, '2025-02-11', 'C012', 'P106', 3, 45, 0.1, 'Online', 0);
INSERT INTO orders VALUES (1058, '2025-02-15', 'C048', 'P105', 2, 25, 0.0, 'Store', 0);
INSERT INTO orders VALUES (1059, '2025-06-21', 'C048', 'P103', 1, 15, 0.1, 'Store', 0);
INSERT INTO orders VALUES (1060, '2025-02-10', 'C045', 'P101', 3, 120, 0.15, 'Store', 0);
INSERT INTO orders VALUES (1061, '2025-01-10', 'C031', 'P103', 1, 120, 0.05, 'Online', 1);
INSERT INTO orders VALUES (1062, '2025-04-28', 'C023', 'P104', 4, 60, 0.05, 'Online', 0);
INSERT INTO orders VALUES (1063, '2025-02-27', 'C002', 'P103', 3, 25, 0.0, 'Store', 0);
INSERT INTO orders VALUES (1064, '2025-03-26', 'C018', 'P101', 3, 45, 0.05, 'Store', 0);
INSERT INTO orders VALUES (1065, '2025-03-31', 'C042', 'P108', 2, 200, 0.0, 'Store', 0);
INSERT INTO orders VALUES (1066, '2025-06-23', 'C035', 'P105', 3, 45, 0.1, 'Online', 0);
INSERT INTO orders VALUES (1067, '2025-01-30', 'C017', 'P102', 1, 25, 0.1, 'Store', 0);
INSERT INTO orders VALUES (1068, '2025-01-10', 'C007', 'P106', 3, 120, 0.05, 'Store', 0);
INSERT INTO orders VALUES (1069, '2025-03-22', 'C028', 'P108', 2, 45, 0.1, 'Online', 0);
INSERT INTO orders VALUES (1070, '2025-04-09', 'C037', 'P103', 3, 25, 0.05, 'Store', 0);
INSERT INTO orders VALUES (1071, '2025-01-12', 'C046', 'P106', 2, 15, 0.05, 'Online', 0);
INSERT INTO orders VALUES (1072, '2025-05-14', 'C035', 'P103', 1, 45, 0.0, 'Store', 0);
INSERT INTO orders VALUES (1073, '2025-04-21', 'C005', 'P105', 3, 25, 0.0, 'Store', 0);
INSERT INTO orders VALUES (1074, '2025-06-19', 'C008', 'P104', 2, 15, 0.1, 'Store', 0);
INSERT INTO orders VALUES (1075, '2025-06-20', 'C027', 'P105', 1, 25, 0.1, 'Store', 0);
INSERT INTO orders VALUES (1076, '2025-06-28', 'C019', 'P108', 2, 200, 0.1, 'Online', 0);
INSERT INTO orders VALUES (1077, '2025-02-19', 'C027', 'P106', 2, 25, 0.05, 'Online', 0);
INSERT INTO orders VALUES (1078, '2025-06-07', 'C037', 'P104', 1, 120, 0.15, 'Store', 0);
INSERT INTO orders VALUES (1079, '2025-05-21', 'C001', 'P104', 1, 15, 0.0, 'Store', 0);
INSERT INTO orders VALUES (1080, '2025-02-23', 'C028', 'P105', 2, 45, 0.05, 'Store', 0);
INSERT INTO orders VALUES (1081, '2025-04-24', 'C029', 'P103', 4, 45, 0.1, 'Store', 0);
INSERT INTO orders VALUES (1082, '2025-02-13', 'C043', 'P101', 1, 15, 0.05, 'Store', 0);
INSERT INTO orders VALUES (1083, '2025-05-12', 'C043', 'P105', 1, 15, 0.0, 'Online', 0);
INSERT INTO orders VALUES (1084, '2025-03-02', 'C044', 'P104', 3, 45, 0.05, 'Online', 0);
INSERT INTO orders VALUES (1085, '2025-02-20', 'C010', 'P100', 1, 25, 0.0, 'Online', 0);
INSERT INTO orders VALUES (1086, '2025-03-04', 'C031', 'P101', 1, 45, 0.05, 'Store', 0);
INSERT INTO orders VALUES (1087, '2025-04-17', 'C041', 'P103', 1, 45, 0.1, 'Store', 0);
INSERT INTO orders VALUES (1088, '2025-05-07', 'C026', 'P103', 2, 15, 0.0, 'Online', 0);
INSERT INTO orders VALUES (1089, '2025-06-17', 'C045', 'P100', 1, 45, 0.2, 'Online', 0);
INSERT INTO orders VALUES (1090, '2025-04-19', 'C015', 'P102', 1, 45, 0.1, 'Store', 0);
INSERT INTO orders VALUES (1091, '2025-01-13', 'C036', 'P103', 3, 25, 0.15, 'Online', 0);
INSERT INTO orders VALUES (1092, '2025-04-27', 'C009', 'P107', 1, 15, 0.0, 'Store', 0);
INSERT INTO orders VALUES (1093, '2025-04-24', 'C040', 'P108', 1, 45, 0.0, 'Store', 0);
INSERT INTO orders VALUES (1094, '2025-05-21', 'C029', 'P102', 3, 15, 0.15, 'Store', 0);
INSERT INTO orders VALUES (1095, '2025-04-26', 'C017', 'P103', 1, 45, 0.1, 'Store', 0);
INSERT INTO orders VALUES (1096, '2025-05-14', 'C032', 'P103', 2, 60, 0.05, 'Store', 0);
INSERT INTO orders VALUES (1097, '2025-04-23', 'C005', 'P104', 2, 60, 0.25, 'Online', 0);
INSERT INTO orders VALUES (1098, '2025-03-11', 'C022', 'P105', 1, 60, 0.05, 'Online', 0);
INSERT INTO orders VALUES (1099, '2025-02-05', 'C010', 'P103', 3, 25, 0.1, 'Store', 0);
INSERT INTO orders VALUES (1100, '2025-06-27', 'C010', 'P103', 1, 120, 0.1, 'Online', 0);
INSERT INTO orders VALUES (1101, '2025-04-17', 'C027', 'P105', 1, 60, 0.05, 'Store', 0);
INSERT INTO orders VALUES (1102, '2025-04-17', 'C004', 'P103', 3, 15, 0.05, 'Store', 1);
INSERT INTO orders VALUES (1103, '2025-04-10', 'C050', 'P100', 4, 45, 0.1, 'Store', 0);
INSERT INTO orders VALUES (1104, '2025-05-03', 'C001', 'P105', 1, 25, 0.1, 'Store', 0);
INSERT INTO orders VALUES (1105, '2025-04-10', 'C027', 'P108', 2, 60, 0.0, 'Online', 0);
INSERT INTO orders VALUES (1106, '2025-05-05', 'C015', 'P104', 1, 25, 0.05, 'Store', 0);
INSERT INTO orders VALUES (1107, '2025-05-05', 'C002', 'P106', 1, 15, 0.0, 'Store', 0);
INSERT INTO orders VALUES (1108, '2025-06-21', 'C044', 'P106', 2, 15, 0.0, 'Online', 0);
INSERT INTO orders VALUES (1109, '2025-04-30', 'C009', 'P108', 1, 60, 0.15, 'Online', 0);
INSERT INTO orders VALUES (1110, '2025-04-11', 'C038', 'P100', 1, 200, 0.05, 'Online', 0);
INSERT INTO orders VALUES (1111, '2025-06-14', 'C028', 'P102', 3, 120, 0.25, 'Store', 0);
INSERT INTO orders VALUES (1112, '2025-02-16', 'C004', 'P104', 1, 15, 0.1, 'Store', 0);
INSERT INTO orders VALUES (1113, '2025-03-25', 'C014', 'P107', 1, 120, 0.0, 'Store', 0);
INSERT INTO orders VALUES (1114, '2025-03-28', 'C049', 'P106', 1, 25, 0.0, 'Store', 0);
INSERT INTO orders VALUES (1115, '2025-04-18', 'C017', 'P101', 1, 45, 0.15, 'Store', 0);
INSERT INTO orders VALUES (1116, '2025-01-05', 'C048', 'P108', 4, 25, 0.0, 'Online', 0);
INSERT INTO orders VALUES (1117, '2025-03-31', 'C015', 'P101', 1, 120, 0.0, 'Online', 1);
INSERT INTO orders VALUES (1118, '2025-01-08', 'C016', 'P103', 1, 60, 0.05, 'Online', 1);
INSERT INTO orders VALUES (1119, '2025-06-09', 'C010', 'P103', 1, 45, 0.25, 'Online', 0);
INSERT INTO orders VALUES (1120, '2025-05-02', 'C043', 'P101', 2, 45, 0.1, 'Online', 0);
INSERT INTO orders VALUES (1121, '2025-04-30', 'C045', 'P104', 2, 120, 0.0, 'Store', 0);
INSERT INTO orders VALUES (1122, '2025-02-12', 'C039', 'P101', 4, 60, 0.05, 'Online', 0);
INSERT INTO orders VALUES (1123, '2025-03-21', 'C007', 'P100', 1, 15, 0.05, 'Store', 0);
INSERT INTO orders VALUES (1124, '2025-05-28', 'C044', 'P106', 2, 15, 0.25, 'Store', 1);
INSERT INTO orders VALUES (1125, '2025-02-20', 'C005', 'P103', 2, 25, 0.05, 'Online', 0);
INSERT INTO orders VALUES (1126, '2025-06-28', 'C050', 'P104', 2, 15, 0.2, 'Online', 0);
INSERT INTO orders VALUES (1127, '2025-05-25', 'C003', 'P105', 3, 45, 0.1, 'Store', 0);
INSERT INTO orders VALUES (1128, '2025-06-19', 'C024', 'P101', 3, 60, 0.0, 'Store', 0);
INSERT INTO orders VALUES (1129, '2025-01-04', 'C027', 'P107', 1, 60, 0.15, 'Online', 0);
INSERT INTO orders VALUES (1130, '2025-04-21', 'C024', 'P107', 2, 25, 0.25, 'Online', 0);
INSERT INTO orders VALUES (1131, '2025-04-22', 'C012', 'P108', 3, 25, 0.05, 'Store', 0);
INSERT INTO orders VALUES (1132, '2025-06-07', 'C035', 'P107', 1, 60, 0.15, 'Store', 1);
INSERT INTO orders VALUES (1133, '2025-04-22', 'C047', 'P104', 4, 45, 0.15, 'Store', 1);
INSERT INTO orders VALUES (1134, '2025-03-04', 'C006', 'P104', 3, 15, 0.05, 'Store', 0);
INSERT INTO orders VALUES (1135, '2025-03-04', 'C049', 'P107', 4, 45, 0.0, 'Store', 0);
INSERT INTO orders VALUES (1136, '2025-03-28', 'C002', 'P107', 2, 25, 0.0, 'Store', 0);
INSERT INTO orders VALUES (1137, '2025-02-16', 'C032', 'P103', 2, 60, 0.05, 'Store', 0);
INSERT INTO orders VALUES (1138, '2025-03-08', 'C022', 'P104', 2, 45, 0.1, 'Store', 0);
INSERT INTO orders VALUES (1139, '2025-05-23', 'C001', 'P108', 1, 15, 0.15, 'Online', 0);
INSERT INTO orders VALUES (1140, '2025-01-22', 'C016', 'P106', 2, 15, 0.0, 'Store', 0);
INSERT INTO orders VALUES (1141, '2025-05-23', 'C049', 'P103', 1, 45, 0.05, 'Store', 0);
INSERT INTO orders VALUES (1142, '2025-06-15', 'C046', 'P107', 3, 25, 0.1, 'Store', 0);
INSERT INTO orders VALUES (1143, '2025-01-05', 'C006', 'P104', 1, 45, 0.1, 'Online', 0);
INSERT INTO orders VALUES (1144, '2025-04-14', 'C045', 'P103', 1, 120, 0.1, 'Store', 0);
INSERT INTO orders VALUES (1145, '2025-06-19', 'C038', 'P105', 1, 200, 0.1, 'Store', 0);
INSERT INTO orders VALUES (1146, '2025-05-22', 'C034', 'P105', 2, 15, 0.0, 'Store', 0);
INSERT INTO orders VALUES (1147, '2025-05-21', 'C022', 'P105', 1, 15, 0.0, 'Store', 0);
INSERT INTO orders VALUES (1148, '2025-03-11', 'C020', 'P104', 1, 25, 0.1, 'Online', 0);
INSERT INTO orders VALUES (1149, '2025-01-31', 'C047', 'P103', 2, 15, 0.0, 'Store', 0);
INSERT INTO orders VALUES (1150, '2025-01-31', 'C048', 'P108', 1, 25, 0.0, 'Online', 0);
INSERT INTO orders VALUES (1151, '2025-02-19', 'C014', 'P107', 1, 25, 0.0, 'Store', 0);
INSERT INTO orders VALUES (1152, '2025-05-31', 'C049', 'P108', 2, 45, 0.0, 'Store', 0);
INSERT INTO orders VALUES (1153, '2025-01-26', 'C013', 'P104', 2, 15, 0.1, 'Online', 0);
INSERT INTO orders VALUES (1154, '2025-04-03', 'C012', 'P104', 1, 25, 0.15, 'Online', 0);
INSERT INTO orders VALUES (1155, '2025-05-17', 'C009', 'P104', 1, 15, 0.05, 'Online', 0);
INSERT INTO orders VALUES (1156, '2025-01-14', 'C036', 'P104', 2, 25, 0.05, 'Online', 0);
INSERT INTO orders VALUES (1157, '2025-06-13', 'C049', 'P107', 1, 25, 0.15, 'Online', 0);
INSERT INTO orders VALUES (1158, '2025-01-04', 'C037', 'P104', 2, 25, 0.0, 'Store', 0);
INSERT INTO orders VALUES (1159, '2025-05-03', 'C029', 'P105', 2, 15, 0.05, 'Online', 0);
INSERT INTO orders VALUES (1160, '2025-01-14', 'C017', 'P107', 1, 25, 0.0, 'Online', 0);
INSERT INTO orders VALUES (1161, '2025-01-17', 'C026', 'P107', 1, 60, 0.05, 'Online', 0);
INSERT INTO orders VALUES (1162, '2025-05-28', 'C041', 'P100', 2, 25, 0.0, 'Online', 0);
INSERT INTO orders VALUES (1163, '2025-02-08', 'C037', 'P104', 2, 45, 0.05, 'Online', 0);
INSERT INTO orders VALUES (1164, '2025-03-05', 'C008', 'P108', 1, 25, 0.05, 'Store', 0);
INSERT INTO orders VALUES (1165, '2025-06-05', 'C039', 'P103', 1, 200, 0.1, 'Store', 0);
INSERT INTO orders VALUES (1166, '2025-04-26', 'C029', 'P104', 1, 15, 0.05, 'Store', 0);
INSERT INTO orders VALUES (1167, '2025-03-20', 'C037', 'P100', 1, 25, 0.0, 'Online', 0);
INSERT INTO orders VALUES (1168, '2025-02-23', 'C041', 'P103', 1, 25, 0.05, 'Store', 1);
INSERT INTO orders VALUES (1169, '2025-06-19', 'C006', 'P102', 1, 25, 0.25, 'Online', 0);
INSERT INTO orders VALUES (1170, '2025-02-14', 'C036', 'P101', 3, 25, 0.0, 'Online', 0);
INSERT INTO orders VALUES (1171, '2025-01-01', 'C027', 'P107', 3, 45, 0.05, 'Store', 0);
INSERT INTO orders VALUES (1172, '2025-03-16', 'C003', 'P103', 2, 15, 0.05, 'Store', 0);
INSERT INTO orders VALUES (1173, '2025-06-30', 'C019', 'P107', 2, 15, 0.0, 'Online', 0);
INSERT INTO orders VALUES (1174, '2025-06-25', 'C015', 'P104', 1, 45, 0.0, 'Online', 0);
INSERT INTO orders VALUES (1175, '2025-04-19', 'C008', 'P108', 2, 15, 0.05, 'Online', 0);
INSERT INTO orders VALUES (1176, '2025-06-15', 'C010', 'P104', 1, 200, 0.05, 'Online', 0);
INSERT INTO orders VALUES (1177, '2025-01-19', 'C004', 'P102', 1, 45, 0.1, 'Store', 0);
INSERT INTO orders VALUES (1178, '2025-06-02', 'C048', 'P104', 1, 25, 0.05, 'Store', 1);
INSERT INTO orders VALUES (1179, '2025-02-01', 'C030', 'P104', 3, 120, 0.0, 'Store', 0);
INSERT INTO orders VALUES (1180, '2025-03-11', 'C033', 'P108', 3, 15, 0.0, 'Store', 0);
INSERT INTO orders VALUES (1181, '2025-04-23', 'C006', 'P100', 2, 60, 0.0, 'Store', 0);
INSERT INTO orders VALUES (1182, '2025-03-24', 'C039', 'P104', 1, 15, 0.0, 'Online', 0);
INSERT INTO orders VALUES (1183, '2025-01-24', 'C015', 'P100', 2, 25, 0.05, 'Store', 0);
INSERT INTO orders VALUES (1184, '2025-05-28', 'C003', 'P102', 1, 60, 0.05, 'Store', 0);
INSERT INTO orders VALUES (1185, '2025-05-13', 'C042', 'P107', 1, 25, 0.15, 'Store', 0);
INSERT INTO orders VALUES (1186, '2025-02-16', 'C038', 'P106', 1, 60, 0.05, 'Store', 0);
INSERT INTO orders VALUES (1187, '2025-01-24', 'C031', 'P105', 3, 45, 0.0, 'Store', 0);
INSERT INTO orders VALUES (1188, '2025-03-27', 'C021', 'P101', 2, 25, 0.0, 'Online', 0);
INSERT INTO orders VALUES (1189, '2025-03-26', 'C027', 'P107', 2, 25, 0.1, 'Store', 0);
INSERT INTO orders VALUES (1190, '2025-06-19', 'C026', 'P108', 1, 25, 0.05, 'Online', 0);
INSERT INTO orders VALUES (1191, '2025-04-27', 'C006', 'P105', 1, 45, 0.15, 'Store', 0);
INSERT INTO orders VALUES (1192, '2025-03-24', 'C008', 'P106', 1, 60, 0.0, 'Online', 0);
INSERT INTO orders VALUES (1193, '2025-06-18', 'C035', 'P107', 1, 25, 0.15, 'Store', 0);
INSERT INTO orders VALUES (1194, '2025-01-14', 'C013', 'P108', 1, 45, 0.1, 'Store', 0);
INSERT INTO orders VALUES (1195, '2025-06-09', 'C049', 'P107', 2, 25, 0.05, 'Store', 0);
INSERT INTO orders VALUES (1196, '2025-01-14', 'C014', 'P104', 1, 120, 0.05, 'Online', 0);
INSERT INTO orders VALUES (1197, '2025-03-15', 'C029', 'P107', 1, 120, 0.0, 'Online', 0);
INSERT INTO orders VALUES (1198, '2025-01-08', 'C041', 'P103', 2, 45, 0.0, 'Online', 0);
INSERT INTO orders VALUES (1199, '2025-03-21', 'C036', 'P100', 3, 45, 0.05, 'Store', 0);
INSERT INTO orders VALUES (1200, '2025-01-24', 'C015', 'P101', 2, 15, 0.05, 'Store', 0);
INSERT INTO orders VALUES (1201, '2025-01-31', 'C042', 'P102', 1, 45, 0.15, 'Store', 0);
INSERT INTO orders VALUES (1202, '2025-03-16', 'C033', 'P104', 1, 15, 0.15, 'Store', 0);
INSERT INTO orders VALUES (1203, '2025-05-04', 'C031', 'P103', 1, 120, 0.2, 'Store', 0);
INSERT INTO orders VALUES (1204, '2025-05-22', 'C010', 'P106', 2, 25, 0.0, 'Online', 0);
INSERT INTO orders VALUES (1205, '2025-06-03', 'C033', 'P102', 3, 15, 0.05, 'Online', 0);
INSERT INTO orders VALUES (1206, '2025-03-12', 'C050', 'P106', 2, 120, 0.05, 'Store', 0);
INSERT INTO orders VALUES (1207, '2025-05-10', 'C018', 'P100', 2, 25, 0.05, 'Store', 0);
INSERT INTO orders VALUES (1208, '2025-03-18', 'C038', 'P107', 1, 15, 0.05, 'Online', 0);
INSERT INTO orders VALUES (1209, '2025-04-25', 'C035', 'P107', 3, 25, 0.1, 'Store', 0);
INSERT INTO orders VALUES (1210, '2025-03-27', 'C036', 'P108', 1, 45, 0.0, 'Store', 1);
INSERT INTO orders VALUES (1211, '2025-04-27', 'C021', 'P103', 1, 25, 0.0, 'Online', 1);
INSERT INTO orders VALUES (1212, '2025-05-27', 'C025', 'P103', 2, 45, 0.0, 'Store', 0);
INSERT INTO orders VALUES (1213, '2025-01-12', 'C021', 'P107', 1, 60, 0.0, 'Store', 0);
INSERT INTO orders VALUES (1214, '2025-04-09', 'C043', 'P102', 1, 25, 0.1, 'Store', 0);
INSERT INTO orders VALUES (1215, '2025-01-10', 'C009', 'P108', 2, 25, 0.05, 'Store', 0);
INSERT INTO orders VALUES (1216, '2025-01-26', 'C029', 'P101', 1, 45, 0.0, 'Store', 0);
INSERT INTO orders VALUES (1217, '2025-01-04', 'C047', 'P102', 3, 120, 0.05, 'Store', 0);
INSERT INTO orders VALUES (1218, '2025-06-17', 'C010', 'P101', 2, 25, 0.0, 'Store', 0);
INSERT INTO orders VALUES (1219, '2025-03-09', 'C022', 'P106', 2, 45, 0.0, 'Online', 0);
INSERT INTO orders VALUES (1220, '2025-03-26', 'C044', 'P108', 1, 45, 0.0, 'Store', 0);
INSERT INTO orders VALUES (1221, '2025-03-23', 'C041', 'P107', 2, 15, 0.05, 'Online', 0);
INSERT INTO orders VALUES (1222, '2025-06-08', 'C005', 'P103', 1, 15, 0.15, 'Store', 0);
INSERT INTO orders VALUES (1223, '2025-02-28', 'C048', 'P101', 3, 25, 0.05, 'Store', 0);
INSERT INTO orders VALUES (1224, '2025-01-26', 'C049', 'P101', 1, 60, 0.0, 'Store', 0);
INSERT INTO orders VALUES (1225, '2025-02-12', 'C045', 'P104', 1, 15, 0.0, 'Online', 0);
INSERT INTO orders VALUES (1226, '2025-01-12', 'C021', 'P100', 1, 60, 0.1, 'Store', 0);
INSERT INTO orders VALUES (1227, '2025-04-02', 'C024', 'P106', 1, 25, 0.1, 'Online', 0);
INSERT INTO orders VALUES (1228, '2025-03-04', 'C034', 'P106', 2, 25, 0.05, 'Online', 0);
INSERT INTO orders VALUES (1229, '2025-02-13', 'C012', 'P101', 1, 120, 0.1, 'Store', 0);
INSERT INTO orders VALUES (1230, '2025-06-08', 'C044', 'P103', 3, 25, 0.2, 'Store', 0);
INSERT INTO orders VALUES (1231, '2025-05-30', 'C010', 'P103', 1, 15, 0.05, 'Store', 0);
INSERT INTO orders VALUES (1232, '2025-06-13', 'C017', 'P107', 2, 25, 0.0, 'Store', 0);
INSERT INTO orders VALUES (1233, '2025-06-20', 'C001', 'P107', 4, 25, 0.0, 'Store', 0);
INSERT INTO orders VALUES (1234, '2025-06-23', 'C035', 'P102', 1, 120, 0.0, 'Online', 0);
INSERT INTO orders VALUES (1235, '2025-04-24', 'C023', 'P104', 1, 45, 0.1, 'Store', 0);
INSERT INTO orders VALUES (1236, '2025-06-26', 'C017', 'P107', 1, 15, 0.0, 'Store', 1);
INSERT INTO orders VALUES (1237, '2025-02-20', 'C025', 'P107', 3, 45, 0.05, 'Online', 0);
INSERT INTO orders VALUES (1238, '2025-03-02', 'C025', 'P105', 1, 120, 0.05, 'Store', 0);
INSERT INTO orders VALUES (1239, '2025-06-29', 'C019', 'P100', 2, 15, 0.0, 'Store', 0);
INSERT INTO orders VALUES (1240, '2025-03-12', 'C001', 'P100', 1, 45, 0.0, 'Store', 0);
INSERT INTO orders VALUES (1241, '2025-03-15', 'C050', 'P103', 1, 25, 0.1, 'Store', 0);
INSERT INTO orders VALUES (1242, '2025-02-26', 'C041', 'P103', 2, 25, 0.05, 'Store', 0);
INSERT INTO orders VALUES (1243, '2025-06-23', 'C049', 'P102', 2, 15, 0.0, 'Online', 0);
INSERT INTO orders VALUES (1244, '2025-06-10', 'C042', 'P100', 2, 15, 0.1, 'Store', 0);
INSERT INTO orders VALUES (1245, '2025-04-23', 'C003', 'P105', 1, 60, 0.0, 'Online', 0);
INSERT INTO orders VALUES (1246, '2025-01-24', 'C019', 'P105', 2, 25, 0.05, 'Store', 0);
INSERT INTO orders VALUES (1247, '2025-02-14', 'C013', 'P102', 1, 60, 0.1, 'Store', 0);
INSERT INTO orders VALUES (1248, '2025-05-16', 'C033', 'P104', 1, 45, 0.05, 'Online', 0);
INSERT INTO orders VALUES (1249, '2025-03-07', 'C031', 'P104', 3, 15, 0.15, 'Store', 0);
INSERT INTO orders VALUES (1250, '2025-01-30', 'C030', 'P101', 1, 25, 0.1, 'Online', 0);
INSERT INTO orders VALUES (1251, '2025-02-27', 'C044', 'P106', 3, 45, 0.05, 'Store', 0);
INSERT INTO orders VALUES (1252, '2025-01-24', 'C026', 'P100', 1, 25, 0.0, 'Store', 1);
INSERT INTO orders VALUES (1253, '2025-05-18', 'C008', 'P107', 3, 15, 0.15, 'Store', 1);
INSERT INTO orders VALUES (1254, '2025-06-22', 'C048', 'P104', 1, 45, 0.2, 'Store', 0);
INSERT INTO orders VALUES (1255, '2025-06-13', 'C024', 'P101', 2, 25, 0.2, 'Online', 1);
INSERT INTO orders VALUES (1256, '2025-05-01', 'C002', 'P108', 3, 25, 0.2, 'Store', 0);
INSERT INTO orders VALUES (1257, '2025-06-06', 'C015', 'P101', 1, 60, 0.0, 'Store', 0);
INSERT INTO orders VALUES (1258, '2025-06-29', 'C020', 'P106', 1, 15, 0.0, 'Online', 0);
INSERT INTO orders VALUES (1259, '2025-02-05', 'C003', 'P100', 1, 45, 0.0, 'Store', 0);
INSERT INTO orders VALUES (1260, '2025-05-07', 'C008', 'P101', 2, 60, 0.05, 'Online', 0);
INSERT INTO orders VALUES (1261, '2025-05-18', 'C009', 'P106', 3, 45, 0.05, 'Store', 0);
INSERT INTO orders VALUES (1262, '2025-04-05', 'C043', 'P108', 3, 15, 0.2, 'Store', 0);
INSERT INTO orders VALUES (1263, '2025-05-31', 'C048', 'P102', 3, 60, 0.25, 'Store', 0);
INSERT INTO orders VALUES (1264, '2025-06-17', 'C007', 'P107', 2, 25, 0.1, 'Store', 0);
INSERT INTO orders VALUES (1265, '2025-03-13', 'C003', 'P105', 3, 200, 0.1, 'Online', 0);
INSERT INTO orders VALUES (1266, '2025-04-24', 'C029', 'P103', 1, 45, 0.05, 'Store', 0);
INSERT INTO orders VALUES (1267, '2025-01-26', 'C044', 'P105', 1, 25, 0.0, 'Store', 0);
INSERT INTO orders VALUES (1268, '2025-01-16', 'C026', 'P104', 1, 15, 0.15, 'Online', 0);
INSERT INTO orders VALUES (1269, '2025-02-01', 'C030', 'P101', 1, 45, 0.0, 'Online', 0);
INSERT INTO orders VALUES (1270, '2025-06-14', 'C041', 'P100', 2, 15, 0.05, 'Online', 0);
INSERT INTO orders VALUES (1271, '2025-03-27', 'C016', 'P102', 3, 25, 0.05, 'Online', 0);
INSERT INTO orders VALUES (1272, '2025-01-18', 'C049', 'P108', 4, 15, 0.15, 'Online', 0);
INSERT INTO orders VALUES (1273, '2025-05-31', 'C014', 'P103', 2, 25, 0.05, 'Store', 0);
INSERT INTO orders VALUES (1274, '2025-02-07', 'C039', 'P100', 1, 15, 0.1, 'Store', 0);
INSERT INTO orders VALUES (1275, '2025-02-07', 'C009', 'P108', 1, 120, 0.1, 'Store', 0);
INSERT INTO orders VALUES (1276, '2025-02-14', 'C008', 'P100', 4, 15, 0.05, 'Online', 0);
INSERT INTO orders VALUES (1277, '2025-01-04', 'C023', 'P103', 2, 15, 0.1, 'Store', 0);
INSERT INTO orders VALUES (1278, '2025-01-05', 'C012', 'P104', 1, 25, 0.05, 'Online', 0);
INSERT INTO orders VALUES (1279, '2025-02-02', 'C048', 'P106', 1, 60, 0.0, 'Online', 0);
INSERT INTO orders VALUES (1280, '2025-01-17', 'C031', 'P107', 3, 120, 0.1, 'Store', 0);
INSERT INTO orders VALUES (1281, '2025-05-12', 'C038', 'P101', 2, 45, 0.0, 'Store', 0);
INSERT INTO orders VALUES (1282, '2025-05-09', 'C015', 'P100', 1, 25, 0.15, 'Store', 0);
INSERT INTO orders VALUES (1283, '2025-04-28', 'C042', 'P100', 1, 15, 0.1, 'Online', 0);
INSERT INTO orders VALUES (1284, '2025-05-03', 'C026', 'P106', 3, 25, 0.1, 'Online', 0);
INSERT INTO orders VALUES (1285, '2025-05-06', 'C046', 'P107', 3, 25, 0.1, 'Online', 0);
INSERT INTO orders VALUES (1286, '2025-01-21', 'C021', 'P102', 1, 60, 0.1, 'Online', 0);
INSERT INTO orders VALUES (1287, '2025-02-02', 'C018', 'P108', 3, 60, 0.1, 'Store', 0);
INSERT INTO orders VALUES (1288, '2025-04-08', 'C039', 'P108', 2, 45, 0.1, 'Store', 0);
INSERT INTO orders VALUES (1289, '2025-04-27', 'C033', 'P106', 1, 60, 0.2, 'Online', 0);
INSERT INTO orders VALUES (1290, '2025-06-29', 'C008', 'P108', 3, 15, 0.05, 'Online', 0);
INSERT INTO orders VALUES (1291, '2025-04-21', 'C029', 'P103', 1, 60, 0.15, 'Store', 0);
INSERT INTO orders VALUES (1292, '2025-03-28', 'C030', 'P106', 1, 25, 0.05, 'Store', 1);
INSERT INTO orders VALUES (1293, '2025-01-25', 'C021', 'P106', 2, 25, 0.05, 'Store', 0);
INSERT INTO orders VALUES (1294, '2025-06-20', 'C017', 'P105', 2, 15, 0.15, 'Online', 0);
INSERT INTO orders VALUES (1295, '2025-06-25', 'C031', 'P101', 4, 25, 0.1, 'Online', 1);
INSERT INTO orders VALUES (1296, '2025-01-22', 'C006', 'P106', 1, 120, 0.05, 'Online', 0);
INSERT INTO orders VALUES (1297, '2025-04-06', 'C009', 'P108', 1, 45, 0.0, 'Online', 0);
INSERT INTO orders VALUES (1298, '2025-05-31', 'C036', 'P108', 1, 45, 0.0, 'Store', 0);
INSERT INTO orders VALUES (1299, '2025-06-21', 'C008', 'P106', 4, 120, 0.15, 'Store', 0);
